"Synset('state.n.04')".['state', 'nation', 'country', 'land', 'commonwealth', 'res_publica', 'body_politic'].a politically organized body of people under a single government."1496.4221874193731"
"Synset('state.n.02')".['state'].the way something is with respect to its main attributes."1209.2438539886723"
"Synset('country.n.02')".['country', 'state', 'land'].the territory occupied by a nation."1171.1356504176088"
"Synset('department_of_state.n.01')".['Department_of_State', 'United_States_Department_of_State', 'State_Department', 'State', 'DoS'].the federal department in the United States that sets and maintains foreign policies."1126.177566049579"
"Synset('state.n.06')".['state'].a state of depression or agitation."1117.130929685578"
"Synset('state_of_matter.n.01')".['state_of_matter', 'state'].(chemistry) the three traditional states of matter are solids (fixed shape and volume) and liquids (fixed volume and shaped by the container) and gases (filling the container)."929.3731089179014"
"Synset('state.n.03')".['state'].the group of people comprising the government of a sovereign state."903.6014611643634"
"Synset('state.v.01')".['state', 'say', 'tell'].express in words."836.9427459906176"
"Synset('state.n.01')".['state', 'province'].the territory occupied by one of the constituent administrative districts of a nation."608.7837141542257"
"Synset('submit.v.02')".['submit', 'state', 'put_forward', 'posit'].put before."570.1668948578574"
"Synset('express.v.04')".['express', 'state']."indicate through a symbol, formula, etc."."545.0196292321609"
"Synset('state.n.06')".['state'].a state of depression or agitation."103.22012467867204"
"Synset('state.n.03')".['state'].the group of people comprising the government of a sovereign state."99.72087698755148"
"Synset('department_of_state.n.01')".['Department_of_State', 'United_States_Department_of_State', 'State_Department', 'State', 'DoS'].the federal department in the United States that sets and maintains foreign policies."96.17780226406036"
"Synset('state.n.02')".['state'].the way something is with respect to its main attributes."84.73415100912806"
"Synset('state_of_matter.n.01')".['state_of_matter', 'state'].(chemistry) the three traditional states of matter are solids (fixed shape and volume) and liquids (fixed volume and shaped by the container) and gases (filling the container)."79.18324414048386"
"Synset('express.v.04')".['express', 'state']."indicate through a symbol, formula, etc."."66.07464057600669"
"Synset('state.n.04')".['state', 'nation', 'country', 'land', 'commonwealth', 'res_publica', 'body_politic'].a politically organized body of people under a single government."66.06463867100751"
"Synset('state.n.01')".['state', 'province'].the territory occupied by one of the constituent administrative districts of a nation."65.78063684279337"
"Synset('state.v.01')".['state', 'say', 'tell'].express in words."63.42406723892077"
"Synset('submit.v.02')".['submit', 'state', 'put_forward', 'posit'].put before."58.76830159570792"
"Synset('country.n.02')".['country', 'state', 'land'].the territory occupied by a nation."57.593906617792186"
"Synset('council.n.01')".['council'].a body serving in an administrative capacity."792.984473234389"
"Synset('council.n.03')".['council'].a meeting of people for consultation."753.2691038934843"
"Synset('council.n.02')".['council'].(Christianity) an assembly of theologians and bishops and other representatives of different churches or dioceses that is convened to regulate matters of discipline or doctrine."322.966884964929"
"Synset('outgrowth.n.01')".['outgrowth', 'branch', 'offshoot', 'offset'].a natural consequence of development."504.5847339951348"
"Synset('arm.n.02')".['arm', 'branch', 'limb'].any projection that is thought to resemble a human arm."346.1960117752873"
"Synset('branch.n.03')".['branch', 'leg', 'ramification'].a part of a forked or branching shape."251.88314297435417"
"Synset('ramify.v.02')".['ramify', 'branch'].grow and send out branches or branch-like structures."251.8083069099265"
"Synset('branch.n.01')".['branch', 'subdivision', 'arm'].a division of some larger or more complex organization."241.22535612235268"
"Synset('branch.n.05')".['branch'].a stream or river connected to a larger one."221.91836525117057"
"Synset('branch.v.02')".['branch', 'ramify', 'fork', 'furcate', 'separate'].divide into two or more branches so as to form a fork."162.63100947677614"
"Synset('branch.n.02')".['branch'].a division of a stem, or secondary stem arising from the main stem of a plant."146.65788463500186"
"Synset('grow.v.04')".['grow'].cause to grow or develop."6.803945714930167"
"Synset('grow.v.08')".['grow', 'develop', 'produce', 'get', 'acquire'].come to have or undergo a change of (physical features and attributes)."5.258444586624856"
"Synset('develop.v.14')".['develop', 'grow'].grow emotionally or mature."4.902222711011756"
"Synset('grow.v.10')".['grow'].become attached by or as if by the process of growth."4.078199000191653"
"Synset('grow.v.07')".['grow', 'raise', 'farm', 'produce'].cultivate by growing, often involving improvements by means of agricultural techniques."3.810257485855342"
"Synset('mature.v.01')".['mature', 'maturate', 'grow'].develop and reach maturity; undergo maturation."3.6624573350399414"
"Synset('turn.v.07')".['turn', 'grow'].pass into a condition gradually, take on a specific property or attribute; become."3.1615161364762274"
"Synset('grow.v.03')".['grow'].increase in size by natural process."3.0670611134572776"
"Synset('grow.v.02')".['grow'].become larger, greater, or bigger; expand or gain."2.398247872896643"
"Synset('originate.v.01')".['originate', 'arise', 'rise', 'develop', 'uprise', 'spring_up', 'grow'].come into existence; take on form or shape."2.0920457653530966"
"Synset('expose.v.01')".['expose'].expose or make accessible to some action or influence."848.2244315371377"
"Synset('expose.v.07')".['expose'].expose to light, of photographic film."600.6283682611354"
"Synset('exposed.s.01')".['exposed', 'open'].with no protection or shield."468.03272937062354"
"Synset('expose.v.03')".['expose', 'exhibit', 'display'].to show, make visible or apparent."213.55797474995904"
"Synset('exposed.s.02')".['exposed', 'uncovered'].not covered with clothing."167.4812382779684"
"Synset('expose.v.09')".['expose'].abandon by leaving out in the open air."135.70673992440786"
"Synset('debunk.v.01')".['debunk', 'expose'].expose while ridiculing; especially of pretentious or false claims and ideas."101.21366805468159"
"Synset('unwrap.v.02')".['unwrap', 'disclose', 'let_on', 'bring_out', 'reveal', 'discover', 'expose', 'divulge', 'break', 'give_away', 'let_out'].make known to the public information that was previously known only to a few people or that was meant to be kept a secret."80.91000971318309"
"Synset('queer.v.02')".['queer', 'expose', 'scupper', 'endanger', 'peril'].put in a dangerous, disadvantageous, or difficult position."75.19689777833595"
"Synset('uncover.v.02')".['uncover', 'expose'].remove all or part of one's clothes to show one's body."64.95238486626104"
"Synset('disclose.v.02')".['disclose', 'expose'].disclose to view as by removing a cover."54.31252102414769"
"Synset('charge.v.24')".['charge'].energize a battery by passing a current through it in the direction opposite to discharge."65.68913680062667"
"Synset('charge.v.22')".['charge'].set or ask for a certain price."63.34241813178543"
"Synset('appoint.v.02')".['appoint', 'charge'].assign a duty, responsibility or obligation to."47.15204364151167"
"Synset('load.v.02')".['load', 'charge'].provide (a device) with something necessary."42.74662623899729"
"Synset('charge.v.03')".['charge', 'bill'].demand payment."36.53559028516396"
"Synset('charge.n.03')".['charge'].the price charged for some article or service."30.3064943231687"
"Synset('charge.v.12')".['charge'].pay with a credit card; pay with plastic money; postpone payment by recording a purchase as a debt."24.703693161526928"
"Synset('commit.v.03')".['commit', 'institutionalize', 'institutionalise', 'send', 'charge'].cause to be admitted; of persons to an institution."22.121251724385715"
"Synset('cathexis.n.01')".['cathexis', 'charge'].(psychoanalysis) the libidinal energy invested in some idea or person or object."18.776026043545006"
"Synset('charge.v.17')".['charge', 'level', 'point'].direct into a position for use."18.40909702029377"
"Synset('charge.n.15')".['charge', 'burster', 'bursting_charge', 'explosive_charge'].a quantity of explosive to be set off at one time."14.132998935191688"
"Synset('charge.n.11')".['charge', 'billing'].request for payment of a debt."13.655146513372541"
"Synset('charge.v.23')".['charge'].cause formation of a net electrical charge in or on."13.079336532602293"
"Synset('care.n.05')".['care', 'charge', 'tutelage', 'guardianship'].attention and management implying responsibility for safety."12.519713365668336"
"Synset('charge.v.06')".['charge', 'lodge', 'file'].file a formal charge against."12.196355910923444"
"Synset('charge.v.07')".['charge'].make an accusatory claim."12.025441490262057"
"Synset('charge.v.08')".['charge'].fill or load to capacity."11.850244492578321"
"Synset('charge.v.18')".['charge', 'saddle', 'burden'].impose a task upon, assign a responsibility to."11.23333405640197"
"Synset('agitate.v.02')".['agitate', 'rouse', 'turn_on', 'charge', 'commove', 'excite', 'charge_up'].cause to be agitated, excited, or roused."10.872278678855247"
"Synset('blame.v.03')".['blame', 'charge'].attribute responsibility to."9.368799562949999"
"Synset('charge.n.04')".['charge', 'electric_charge'].the quantity of unbalanced electricity in a body (either positive or negative) and construed as an excess or deficiency of electrons."9.258731614941365"
"Synset('charge.v.15')".['charge'].place a heraldic bearing on."9.236539204364936"
"Synset('charge.n.08')".['charge'].financial liabilities (such as a tax)."8.558405671664609"
"Synset('charge.v.13')".['charge'].lie down on command, of hunting dogs."7.257414448605471"
"Synset('commission.n.06')".['commission', 'charge', 'direction'].a formal statement of a command or injunction to do something."7.096222627625645"
"Synset('charge.v.02')".['charge', 'accuse'].blame for, make a claim of wrongdoing or misbehavior against."6.670870307249266"
"Synset('charge.n.07')".['charge'].a person committed to your care."6.34923087484069"
"Synset('charge.n.14')".['charge', 'bearing', 'heraldic_bearing', 'armorial_bearing'].heraldry consisting of a design or image depicted on a shield."6.239151400266789"
"Synset('charge.v.19')".['charge'].instruct (a jury) about the law, its application, and the weighing of evidence."6.199761455959486"
"Synset('charge.v.20')".['charge'].instruct or command with authority."6.199761455959486"
"Synset('charge.n.01')".['charge'].an impetuous rush toward someone or something."6.124462195361354"
"Synset('charge.v.25')".['charge'].saturate."5.931806811757088"
"Synset('charge.n.02')".['charge', 'complaint'].(criminal law) a pleading describing some wrong or offense."5.922938262075616"
"Synset('tear.v.03')".['tear', 'shoot', 'shoot_down', 'charge', 'buck'].move quickly and violently."5.900618265297657"
"Synset('charge.v.01')".['charge', 'bear_down'].to make a rush at or sudden attack upon, as in battle."5.256463345985356"
"Synset('consign.v.02')".['consign', 'charge'].give over to another for care or safekeeping."4.933167225423941"
"Synset('charge.v.09')".['charge'].enter a certain amount as a charge."4.930268740075482"
"Synset('bang.n.04')".['bang', 'boot', 'charge', 'rush', 'flush', 'thrill', 'kick'].the swift release of a store of affective force."4.633682574750187"
"Synset('accusation.n.02')".['accusation', 'charge'].an assertion that someone is guilty of a fault or offence."4.601754464433267"
"Synset('mission.n.03')".['mission', 'charge', 'commission'].a special assignment that is given to a person or group."3.5826146066665467"
"Synset('celebrated.s.01')".['celebrated', 'famed', 'far-famed', 'famous', 'illustrious', 'notable', 'noted', 'renowned'].widely known and esteemed."13.641189493498949"
"Synset('noted.s.02')".['noted'].worthy of notice or attention."13.194316763677211"
"Synset('note.v.04')".['note', 'take_down'].make a written note of."11.684400508306245"
"Synset('note.v.01')".['note', 'observe', 'mention', 'remark'].make mention of."11.25787801086094"
"Synset('note.v.03')".['note', 'take_note', 'observe'].observe with care or pay close attention to."9.888429893899408"
"Synset('notice.v.02')".['notice', 'mark', 'note'].notice or perceive."8.672302418013617"
"Synset('class.n.06')".['class', 'year'].a body of students who graduate together."113.30569744220129"
"Synset('class.n.08')".['class'].elegance in dress or behavior."62.2583416440909"
"Synset('class.n.07')".['class'].(biology) a taxonomic group containing one or more orders."53.94000141197176"
"Synset('course.n.01')".['course', 'course_of_study', 'course_of_instruction', 'class'].education imparted in a series of lessons or meetings."53.62930746678189"
"Synset('class.n.03')".['class', 'stratum', 'social_class', 'socio-economic_class'].people having the same social, economic, or educational status."50.290423525730915"
"Synset('class.n.02')".['class', 'form', 'grade', 'course'].a body of students who are taught together."42.25995431758398"
"Synset('class.n.01')".['class', 'category', 'family'].a collection of things sharing a common attribute."34.78056634529119"
"Synset('classify.v.01')".['classify', 'class', 'sort', 'assort', 'sort_out', 'separate'].arrange or order by classes or categories."31.05545327279043"
"Synset('class.n.05')".['class', 'division'].a league ranked by quality."29.609802658133198"
"Synset('research.n.01')".['research'].systematic investigation to establish facts."60.739087764296116"
"Synset('inquiry.n.01')".['inquiry', 'enquiry', 'research'].a search for knowledge."29.461190917877236"
"Synset('research.v.01')".['research'].attempt to find out in a systematically and scientific manner."19.449840824258306"
"Synset('research.v.02')".['research', 'search', 'explore'].inquire into."17.754452288509654"
"Synset('assert.v.01')".['assert', 'asseverate', 'maintain'].state categorically."296.53637360705767"
"Synset('keep.v.20')".['keep', 'maintain'].maintain for use and service."217.63655524386022"
"Synset('keep.v.08')".['keep', 'maintain'].maintain by writing regular records."214.16886128990808"
"Synset('sustain.v.04')".['sustain', 'keep', 'maintain'].supply with necessities and support."188.66134484429045"
"Synset('keep.v.01')".['keep', 'maintain', 'hold']."keep in a certain state, position, or activity; e.g., ""keep clean"""."179.7583897500933"
"Synset('wield.v.01')".['wield', 'exert', 'maintain'].have and exercise."168.64420888845876"
"Synset('observe.v.08')".['observe', 'keep', 'maintain'].stick to correctly or closely."167.22439738853086"
"Synset('conserve.v.02')".['conserve', 'preserve', 'maintain', 'keep_up'].keep in safety and protect from harm, decay, loss, or destruction."161.36691536748947"
"Synset('maintain.v.08')".['maintain', 'defend'].state or assert."91.54790439178073"
"Synset('uphold.v.03')".['uphold', 'maintain'].support against an opponent."61.57783892637294"
"Synset('grade.v.03')".['grade', 'score', 'mark'].assign a grade or rank to, according to one's evaluation."24.191883390415185"
"Synset('score.v.06')".['score'].get a certain number or letter indicating quality or performance."22.816874569332715"
"Synset('mark.n.01')".['mark', 'grade', 'score'].a number or letter indicating quality (especially of a student's performance)."22.477854784460213"
"Synset('score.n.10')".['score'].the act of scoring in a game or sport."17.196593249137834"
"Synset('score.n.06')".['score'].the facts about an actual situation."16.004615963846643"
"Synset('sexual_conquest.n.01')".['sexual_conquest', 'score'].a seduction culminating in sexual intercourse."15.662819175468265"
"Synset('score.n.02')".['score', 'musical_score'].a written form of a musical composition; parts for different instruments appear on separate staves on large pages."14.929804954064506"
"Synset('score.n.03')".['score'].a number that expresses the accomplishment of a team or an individual in a game or contest."13.927401724410092"
"Synset('seduce.v.01')".['seduce', 'score', 'make'].induce to have sex."13.49307391679245"
"Synset('score.n.05')".['score', 'account'].grounds."13.382833030581018"
"Synset('score.n.04')".['score'].a set of twenty members."11.57967496941358"
"Synset('tons.n.01')".['tons', 'dozens', 'heaps', 'lots', 'piles', 'scores', 'stacks', 'loads', 'rafts', 'slews', 'wads', 'oodles', 'gobs', 'scads', 'lashings'].a large number or amount."11.400200137975279"
"Synset('score.v.01')".['score', 'hit', 'tally', 'rack_up'].gain points in a game."10.47947443314626"
"Synset('score.n.08')".['score', 'scotch'].a slight surface cut (especially a notch that is made to keep a tally)."9.8873992918304"
"Synset('score.v.03')".['score', 'mark'].make underscoring marks."9.858694137710689"
"Synset('score.n.07')".['score'].an amount due (as at a restaurant or bar)."9.095262747746267"
"Synset('grudge.n.01')".['grudge', 'score', 'grievance'].a resentment strong enough to justify retaliation."9.000239028501468"
"Synset('score.v.02')".['score', 'nock', 'mark'].make small marks into the surface of."8.466707862067677"
"Synset('score.v.04')".['score'].write a musical score for."7.595407879095813"
"Synset('principal.n.02')".['principal', 'school_principal', 'head_teacher', 'head'].the educator who has executive authority for a school."73.37310671276612"
"Synset('chief.s.01')".['chief', 'main', 'primary', 'principal', 'master'].most important element."60.1819707503591"
"Synset('principal.n.01')".['principal'].the original amount of a debt on which interest is calculated."35.76408814330277"
"Synset('principal.n.06')".['principal', 'dealer'].the major party to a financial transaction at a stock exchange; buys and sells for his own account."34.20167801829262"
"Synset('principal.n.04')".['principal', 'corpus', 'principal_sum'].capital as contrasted with the income derived from it."33.43399090413161"
"Synset('principal.n.05')".['principal'].(criminal law) any person involved in a criminal offense, regardless of whether the person profits from such involvement."29.580403695829194"
"Synset('star.n.04')".['star', 'principal', 'lead'].an actor who plays a principal role."23.12977977015783"
"Synset('move.v.13')".['move', 'go', 'run'].progress by being changed."41.94040231792954"
"Synset('move.v.16')".['move', 'make_a_motion'].propose formally; in a debate or parliamentary meeting."40.43535764807158"
"Synset('go.v.02')".['go', 'proceed', 'move'].follow a procedure or take a course."37.66921589536951"
"Synset('move.v.15')".['move', 'go'].have a turn; make one's move in a game."35.31671710618748"
"Synset('travel.v.01')".['travel', 'go', 'move', 'locomote'].change location; move, travel, or proceed, also metaphorically."32.923754664769774"
"Synset('move.v.03')".['move'].move so as to change position, perform a nontranslational motion."23.695730982883283"
"Synset('act.v.01')".['act', 'move'].perform an action, or work out or perform (an action)."23.131672094951448"
"Synset('move.v.02')".['move', 'displace'].cause to move or shift into a new position or place, both in a concrete and in an abstract sense."20.075939865643182"
"Synset('move.v.07')".['move'].go or proceed from one point to another."19.664518495078106"
"Synset('move.v.12')".['move'].dispose of by selling."12.58699088503573"
"Synset('move.v.04')".['move'].change residence, affiliation, or place of employment."11.695526541395802"
"Synset('be_active.v.01')".['be_active', 'move'].be in a state of action."11.578623545766868"
"Synset('move.v.14')".['move'].live one's life in a specified environment."11.170107580206977"
"Synset('motivate.v.01')".['motivate', 'actuate', 'propel', 'move', 'prompt', 'incite'].give an incentive for action."10.879208913062113"
"Synset('move.v.11')".['move'].arouse sympathy or compassion in."9.076393756759366"
"Synset('affect.v.05')".['affect', 'impress', 'move', 'strike'].have an emotional or cognitive impact upon."8.662906166642523"
"Synset('moved.a.01')".['moved', 'affected', 'stirred', 'touched'].being excited or provoked to the expression of an emotion."7.256904475793917"
"Synset('play.v.05')".['play'].be at play; be engaged in playful activity; amuse oneself in a way characteristic of children."38.532608146044"
"Synset('dally.v.04')".['dally', 'trifle', 'play'].consider not very seriously."33.64361017013549"
"Synset('meet.v.10')".['meet', 'encounter', 'play', 'take_on'].contend against an opponent in a sport, game, or battle."33.293978822371145"
"Synset('bring.v.03')".['bring', 'work', 'play', 'wreak', 'make_for'].cause to happen or to occur as a consequence."24.679833940772752"
"Synset('play.v.20')".['play'].use to one's advantage."21.773939204879234"
"Synset('bet.v.02')".['bet', 'wager', 'play'].stake on the outcome of an issue."21.10108894989228"
"Synset('play.v.14')".['play'].perform on a certain location."18.789121573777628"
"Synset('play.n.01')".['play', 'drama', 'dramatic_play'].a dramatic work intended for performance by actors on a stage."16.6428131237238"
"Synset('act.v.10')".['act', 'play', 'roleplay', 'playact'].perform on a stage or theater."16.642051824614036"
"Synset('toy.v.02')".['toy', 'fiddle', 'diddle', 'play'].manipulate manually or in one's mind or imagination."16.09060916148746"
"Synset('play.v.09')".['play'].move or seem to move quickly, lightly, or irregularly."15.860550561006095"
"Synset('play.v.22')".['play'].be received or accepted or interpreted in a specific way."15.475618245631129"
"Synset('play.v.11')".['play', 'recreate'].engage in recreational activities rather than work; occupy oneself in a diversion."14.964157760137153"
"Synset('play.v.26')".['play'].be performed or presented for public viewing."14.688822708592372"
"Synset('play.v.10')".['play'].bet or wager (money)."14.587150661763665"
"Synset('play.v.01')".['play'].participate in games or sport."14.371538375700542"
"Synset('looseness.n.05')".['looseness', 'play'].movement or space for movement."14.366447813411922"
"Synset('free_rein.n.01')".['free_rein', 'play'].the removal of constraints."14.167990612115515"
"Synset('play.n.06')".['play'].utilization or exercise."14.053467145100878"
"Synset('shimmer.n.01')".['shimmer', 'play'].a weak and tremulous light."13.843122277976647"
"Synset('play.v.24')".['play'].cause to move or operate freely within a bounded space."13.80143109545342"
"Synset('play.v.18')".['play', 'run'].cause to emit recorded audio or video."13.54674675998208"
"Synset('act.v.05')".['act', 'play', 'act_as'].pretend to have certain qualities or state of mind."13.411290482896955"
"Synset('play.n.14')".['play', 'frolic', 'romp', 'gambol', 'caper'].gay or light-hearted recreational activity for diversion or amusement."13.357225192077632"
"Synset('play.v.02')".['play'].act or have an effect in a specified way or with a specific effect or outcome."13.214137174852576"
"Synset('play.v.17')".['play'].behave in a certain way."13.214137174852576"
"Synset('play.v.03')".['play'].play on an instrument."13.183025479446783"
"Synset('play.v.06')".['play', 'spiel'].replay (as a melody)."13.122949264260491"
"Synset('play.n.08')"."['play', ""child's_play""]".activity by children that is guided more by imagination than by fixed rules."12.900742310129658"
"Synset('play.v.35')".['play'].exhaust by allowing to pull on the line."12.81968397457344"
"Synset('play.v.28')".['play'].discharge or direct or be discharged or directed as if in a continuous stream."12.750043132477591"
"Synset('play.v.32')".['play'].use or move."12.719350424577728"
"Synset('play.v.33')".['play'].employ in a game or in a specific position."12.719350424577728"
"Synset('play.v.29')".['play'].make bets."12.619494530938974"
"Synset('play.v.16')".['play', 'toy'].engage in an activity as if it were a game rather than take it seriously."12.618784237827786"
"Synset('dally.v.01')".['dally', 'toy', 'play', 'flirt'].behave carelessly or indifferently."12.468885789520124"
"Synset('gambling.n.01')".['gambling', 'gaming', 'play'].the act of playing for stakes in the hope of winning (including the payment of a price for a chance to win a prize)."11.917426014260293"
"Synset('maneuver.n.03')".['maneuver', 'manoeuvre', 'play'].a deliberate coordinated movement requiring dexterity and skill."11.705002083827322"
"Synset('act.v.03')".['act', 'play', 'represent'].play a role or part."11.683735812284498"
"Synset('playing_period.n.01')".['playing_period', 'period_of_play', 'play'].(in games or plays or other performances) the time during which play proceeds."11.50870129463569"
"Synset('play.v.13')".['play'].emit recorded sound."11.396365268543693"
"Synset('play.n.02')".['play'].a theatrical performance of a drama."11.191709298562447"
"Synset('play.n.17')".['play', 'swordplay'].the act using a sword (or other weapon) vigorously and skillfully."11.17482966127757"
"Synset('play.v.12')".['play'].pretend to be somebody in the framework of a game or playful activity."11.160246812236101"
"Synset('play.v.31')".['play'].shoot or hit in a particular manner."10.983638974195104"
"Synset('turn.n.03')".['turn', 'play'].(game) the activity of doing something in an agreed succession."10.509723881898932"
"Synset('fun.n.02')".['fun', 'play', 'sport'].verbal wit or mockery (often at another's expense but not to be taken seriously)."9.962400079740863"
"Synset('play.v.07')".['play'].perform music on (a musical instrument)."9.889034362726111"
"Synset('play.n.05')".['play'].a state in which action is feasible."9.878786653005239"
"Synset('play.v.15')".['play'].put (a card or piece) into play during a game, or act strategically as if in a card game."9.340790137482413"
"Synset('play.n.03')".['play'].a preset plan of action in team sports."9.28906719906019"
"Synset('bid.n.02')".['bid', 'play'].an attempt to get something."8.91309294129425"
"Synset('note.n.09')".['note', 'promissory_note', 'note_of_hand'].a promise to pay a specified amount on demand or at a certain time."887.5353103409994"
"Synset('note.v.01')".['note', 'observe', 'mention', 'remark'].make mention of."865.8095776132286"
"Synset('bill.n.03')"."['bill', 'note', 'government_note', 'bank_bill', ""banker's_bill"", 'bank_note', 'banknote', 'Federal_Reserve_note', 'greenback']".a piece of paper money (especially one issued by a central bank)."790.1008529801156"
"Synset('note.n.05')".['note'].a characteristic emotional quality."762.9941228937563"
"Synset('note.n.04')".['note'].a tone of voice that shows what the speaker is feeling."706.7896189684818"
"Synset('note.n.02')".['note', 'short_letter', 'line', 'billet'].a short personal letter."652.0047908354506"
"Synset('eminence.n.01')".['eminence', 'distinction', 'preeminence', 'note'].high status importance owing to marked superiority."605.661292756469"
"Synset('note.n.01')".['note'].a brief written record."489.3850351069365"
"Synset('notice.v.02')".['notice', 'mark', 'note'].notice or perceive."458.53015173153483"
"Synset('note.v.04')".['note', 'take_down'].make a written note of."433.2505129196124"
"Synset('note.v.03')".['note', 'take_note', 'observe'].observe with care or pay close attention to."423.0120950114829"
"Synset('note.n.03')".['note', 'musical_note', 'tone'].a notation representing the pitch and duration of a musical sound."415.7127833236626"
"Synset('note.n.07')".['note', 'annotation', 'notation'].a comment or instruction (usually added)."386.0191128512752"
"Synset('sign.v.06')".['sign'].place signs, as along a road."8.630330163675161"
"Synset('sign.v.01')".['sign', 'subscribe'].mark with one's signature; write one's name (on)."6.311856924185511"
"Synset('sign.v.04')".['sign', 'contract', 'sign_on', 'sign_up'].engage by written agreement."3.6731490635954613"
"Synset('sign.v.07')".['sign'].communicate in sign language."3.657348300808419"
"Synset('sign.v.03')".['sign'].be engaged by a written agreement."3.333132642670886"
"Synset('sign.v.05')".['sign', 'signal', 'signalize', 'signalise'].communicate silently and non-verbally by signals or signs."3.011813388540521"
"Synset('sign.v.02')".['sign', 'ratify'].approve and express assent, responsibility, or obligation."2.5962946673700347"
"Synset('gestural.s.01')".['gestural', 'sign', 'signed', 'sign-language'].used of the language of the deaf."2.3697967103524626"
"Synset('bless.v.03')".['bless', 'sign'].make the sign of the cross over someone in order to call on God for protection; consecrate."2.2643985346295232"
"Synset('signed.a.01')".['signed'].having a handwritten signature."1.6093988742741148"
"Synset('sale.n.03')".['sale', 'cut-rate_sale', 'sales_event'].an occasion (usually brief) for buying at specially reduced prices."448.2870706175372"
"Synset('sale.n.05')".['sale', 'sales_agreement'].an agreement (or contract) in which property is transferred from the seller (vendor) to the buyer (vendee) for a fixed price in money (paid or agreed to be paid by the buyer)."427.8292757079988"
"Synset('sale.n.04')".['sale'].the state of being purchasable; offered or exhibited for selling."380.60539415823416"
"Synset('sale.n.01')".['sale'].a particular instance of selling."178.84733751993582"
"Synset('sale.n.02')".['sale'].the general activity of selling."177.46027324482202"
"Synset('effect.n.05')".['effect', 'force'].(of a law) having legal validity."676.5056964669188"
"Synset('power.n.05')".['power', 'force'].one possessing or exercising power or influence or authority."593.9033483471972"
"Synset('force.n.08')".['force'].a group of people having the power of effective action."593.4914682111266"
"Synset('military_unit.n.01')".['military_unit', 'military_force', 'military_group', 'force'].a unit that is part of some military service."528.299623463972"
"Synset('force_out.n.01')".['force_out', 'force-out', 'force_play', 'force'].a putout of a base runner who is required to run; the putout is accomplished by holding the ball while touching the base to which the runner must advance before the runner reaches that base."523.6566342207228"
"Synset('impel.v.01')".['impel', 'force'].urge or force (a person) to an action; constrain or motivate."503.1405915766847"
"Synset('force.n.03')".['force', 'forcefulness', 'strength'].physical energy or intensity."461.68520269111104"
"Synset('force.v.08')".['force'].do forcibly; exert force."431.5457674861908"
"Synset('force.n.01')".['force'].a powerful effect or influence."420.01708335466856"
"Synset('force.n.04')".['force', 'personnel'].group of people willing to obey orders."383.0079508760362"
"Synset('wedge.v.02')".['wedge', 'squeeze', 'force'].squeeze like a wedge into a tight space."358.42822724981505"
"Synset('storm.v.02')".['storm', 'force'].take by force."348.82704817739557"
"Synset('coerce.v.01')".['coerce', 'hale', 'squeeze', 'pressure', 'force']."to cause to do through pressure or necessity, by physical, moral or intellectual means :""She forced him to take a job in the city"""."346.982761228189"
"Synset('pull.v.01')".['pull', 'draw', 'force'].cause to move by pulling."345.0130013256286"
"Synset('push.v.01')".['push', 'force']."move with force, ""He pushed the table into a corner"""."328.3908046615417"
"Synset('force.n.02')".['force'].(physics) the influence that produces a change in a physical quantity."322.1590849916997"
"Synset('violence.n.01')".['violence', 'force'].an act of aggression (as one against a person who resists)."308.14606934411125"
"Synset('force.v.06')".['force', 'drive', 'ram'].force into or from an action or state, either physically or metaphorically."286.15528565452524"
"Synset('force.v.04')".['force', 'thrust'].impose urgently, importunately, or inexorably."285.0830191340176"
"Synset('foundation_garment.n.01')".['foundation_garment', 'foundation'].a woman's undergarment worn to give shape to the contours of the body."129.74018767598554"
"Synset('foundation.n.04')".['foundation', 'grounding'].education or instruction in the fundamentals of a field of knowledge."102.00500934847774"
"Synset('initiation.n.02')".['initiation', 'founding', 'foundation', 'institution', 'origination', 'creation', 'innovation', 'introduction', 'instauration'].the act of starting something for the first time; introducing something new."88.75017996443854"
"Synset('basis.n.02')".['basis', 'base', 'foundation', 'fundament', 'groundwork', 'cornerstone'].the fundamental assumptions from which something is begun or developed or calculated or explained."76.56944500689072"
"Synset('foundation.n.02')".['foundation'].an institution supported by an endowment."71.22433631470287"
"Synset('foundation.n.03')".['foundation', 'base', 'fundament', 'foot', 'groundwork', 'substructure', 'understructure'].lowest support of a structure."65.87869518702068"
"Synset('foundation.n.01')".['foundation'].the basis on which something is grounded."52.26875499868434"
"Synset('fund.v.02')".['fund'].place or store up in a fund for accumulation."31.99709508427557"
"Synset('fund.v.05')".['fund'].accumulate a fund for the discharge of a recurrent liability."31.99709508427557"
"Synset('fund.v.01')".['fund'].convert (short-term floating debt) into long-term debt that bears fixed interest and is represented by bonds."30.658361288731857"
"Synset('fund.n.01')".['fund', 'monetary_fund'].a reserve of money set aside for some purpose."26.648986264462923"
"Synset('store.n.02')".['store', 'stock', 'fund'].a supply of something available for future use."24.376509538588987"
"Synset('fund.v.06')".['fund'].furnish money for."22.09032752504347"
"Synset('fund.v.04')".['fund'].invest money in government securities."18.27766945501749"
"Synset('fund.v.03')".['fund'].provide a fund for the redemption of principal or payment of interest."18.11839967427402"
"Synset('funds.n.01')".['funds', 'finances', 'monetary_resource', 'cash_in_hand', 'pecuniary_resource'].assets in the form of money."16.706085760869172"
"Synset('investment_company.n.01')".['investment_company', 'investment_trust', 'investment_firm', 'fund'].a financial institution that sells shares to individuals and invests in securities issued by other companies."12.310716926770763"
"Synset('assume.v.03')".['assume', 'acquire', 'adopt', 'take_on', 'take'].take on a certain form, attribute, or aspect."28.58193026039584"
"Synset('contain.v.05')".['contain', 'take', 'hold'].be capable of holding or containing."22.179143607209856"
"Synset('take.v.06')".['take', 'read'].interpret something in a certain way; convey a particular meaning or impression."21.912210474583176"
"Synset('take.v.34')".['take']."to get into a position of having, e.g., safety, comfort"."19.515640987989574"
"Synset('take.v.39')".['take'].develop a habit."19.515640987989574"
"Synset('taken.s.02')".['taken'].be affected with an indisposition."18.751326029010567"
"Synset('consume.v.02')".['consume', 'ingest', 'take_in', 'take', 'have'].serve oneself to, or consume regularly."18.21642213831962"
"Synset('take.v.04')".['take', 'get_hold_of'].get into one's hands, take physically."17.758751682829086"
"Synset('interpreted.s.01')".['interpreted', 'taken'].understood in a certain way; made sense of."16.512719754190744"
"Synset('take.v.41')".['take'].obtain by winning."15.858890648246103"
"Synset('accept.v.08')".['accept', 'take'].be designed to hold or take."14.799406015735181"
"Synset('take.v.20')".['take', 'accept'].make use of or accept for some purpose."14.799406015735165"
"Synset('take.v.33')".['take'].buy, select."14.332837757154348"
"Synset('subscribe.v.05')".['subscribe', 'subscribe_to', 'take'].receive or obtain regularly."14.004547070273514"
"Synset('take.v.21')".['take'].take by force."13.711018767246019"
"Synset('take.v.27')".['take', 'make'].head into a specified direction."13.704593661908648"
"Synset('accept.v.05')".['accept', 'admit', 'take', 'take_on'].admit into a group or community."13.509161898468859"
"Synset('fill.v.04')".['fill', 'take', 'occupy'].assume, as of positions or roles."13.238077070902241"
"Synset('carry.v.02')".['carry', 'pack', 'take'].have with oneself; have on one's person."13.086662596330338"
"Synset('take.v.19')".['take', 'submit'].accept or undergo, often unwillingly."13.07555537911595"
"Synset('choose.v.01')".['choose', 'take', 'select', 'pick_out'].pick out, select, or choose from a number of alternatives."12.918662662481623"
"Synset('lease.v.04')".['lease', 'rent', 'hire', 'charter', 'engage', 'take'].engage for service under a term of contract."12.701224995149646"
"Synset('take.v.02')".['take', 'occupy', 'use_up'].require (time or space)."12.677517220823473"
"Synset('remove.v.01')".['remove', 'take', 'take_away', 'withdraw'].remove something concrete, as by lifting, pushing, or taking off, or remove something abstract."12.112232863565753"
"Synset('claim.v.04')".['claim', 'take'].lay claim to; as of an idea."11.93382368029034"
"Synset('assume.v.05')".['assume', 'take', 'strike', 'take_up'].occupy or take on."11.148760735834781"
"Synset('take.v.09')".['take'].travel or go by means of a certain kind of transportation, or a certain route."11.072417658818294"
"Synset('take.v.29')".['take'].be seized or affected in a specified way."10.867932312327907"
"Synset('necessitate.v.01')".['necessitate', 'ask', 'postulate', 'need', 'require', 'take', 'involve', 'call_for', 'demand'].require as useful, just, or proper."10.743490217915571"
"Synset('take.v.01')".['take'].carry out."10.694426317562826"
"Synset('claim.v.05')".['claim', 'take', 'exact'].take as an undesirable consequence of some event or state of affairs."10.535777546764892"
"Synset('accept.v.02')".['accept', 'take', 'have'].receive willingly something given or offered."10.282136138816716"
"Synset('take.v.24')".['take'].ascertain or determine by measuring, computing or take a reading from a dial."10.145992470441183"
"Synset('bring.v.01')".['bring', 'convey', 'take'].take something or somebody with oneself somewhere."10.134051713715342"
"Synset('aim.v.01')".['aim', 'take', 'train', 'take_aim', 'direct'].point or cause to go (blows, weapons, or objects such as photographic equipment) towards."10.076319096260368"
"Synset('drive.v.16')".['drive', 'take'].proceed along in a vehicle."9.989547984215028"
"Synset('take.v.08')".['take'].take into one's possession."9.902040563949678"
"Synset('take.v.15')".['take'].experience or feel or submit to."9.835614627183762"
"Synset('lead.v.01')".['lead', 'take', 'direct', 'conduct', 'guide'].take somebody somewhere."9.803959174763198"
"Synset('take.v.35')".['take', 'have'].have sex with; archaic use."9.724666226687715"
"Synset('learn.v.04')".['learn', 'study', 'read', 'take'].be a student of a certain subject."9.66185415972134"
"Synset('contract.v.04')".['contract', 'take', 'get'].be stricken by an illness, fall victim to an illness."9.49829016304363"
"Synset('film.v.01')".['film', 'shoot', 'take'].make a film or photograph of something."8.712287364689931"
"Synset('consider.v.03')".['consider', 'take', 'deal', 'look_at'].take into consideration for exemplifying purposes."8.52417829872806"
"Synset('erection.n.02')".['erection'].a structure that has been erected."632.2511421324269"
"Synset('erecting.n.01')".['erecting', 'erection'].the act of building or putting up."439.9059458184364"
"Synset('erection.n.01')".['erection', 'hard-on'].an erect penis."173.72710217714695"
"Synset('abstract.v.03')".['abstract'].consider apart from a particular case or instance."78.16393314090584"
"Synset('abstract.v.01')".['abstract'].consider a concept without thinking of a specific example; consider abstractly or theoretically."46.194673854748444"
"Synset('abstract.a.01')".['abstract'].existing only in the mind; separated from embodiment."23.37724728551281"
"Synset('abstract.s.03')".['abstract'].dealing with a subject in the abstract without practical purpose or intention."23.37724728551281"
"Synset('abstract.s.02')".['abstract', 'abstractionist', 'nonfigurative', 'nonobjective'].not representing or imitating external reality or the objects of nature."22.301897818544155"
"Synset('outline.n.02')".['outline', 'synopsis', 'abstract', 'precis'].a sketchy summary of the main points of an argument or theory."18.855412774468522"
"Synset('pilfer.v.01')".['pilfer', 'cabbage', 'purloin', 'pinch', 'abstract', 'snarf', 'swipe', 'hook', 'sneak', 'filch', 'nobble', 'lift'].make off with belongings of others."18.381462667495583"
"Synset('abstraction.n.01')".['abstraction', 'abstract'].a concept or idea not associated with any specific instance."12.489566241009792"
"Synset('abstract.v.04')".['abstract'].give an abstract (of)."10.47122821059124"
"Synset('process.v.03')".['process'].perform mathematical and logical operations on (data) according to programmed instructions in order to obtain the required information."2438.3077525127565"
"Synset('work.v.05')".['work', 'work_on', 'process'].shape, form, or improve a material."2368.6321255834882"
"Synset('procedure.n.01')".['procedure', 'process'].a particular course of action intended to achieve a result."2103.8779396238974"
"Synset('action.v.01')".['action', 'sue', 'litigate', 'process'].institute legal proceedings against; file a suit against."1553.9267337802298"
"Synset('process.n.05')".['process', 'outgrowth', 'appendage'].a natural prolongation or projection from a part of an organism either animal or plant."1529.5046106824418"
"Synset('summons.n.03')".['summons', 'process'].a writ issued by authority of law; usually compels the defendant's attendance in a civil suit; failure to appear results in a default judgment against the defendant."1417.530543031292"
"Synset('process.n.04')".['process', 'unconscious_process'].a mental process that you are not directly aware of."1365.789530166773"
"Synset('process.v.02')".['process'].deal with in a routine way."1352.968721885603"
"Synset('process.n.02')".['process', 'cognitive_process', 'mental_process', 'operation', 'cognitive_operation'].(psychology) the performance of some composite cognitive activity; an operation that affects mental contents."1313.5113680665322"
"Synset('march.v.01')".['march', 'process'].march in a procession."1236.0947196417303"
"Synset('process.n.06')".['process', 'physical_process'].a sustained phenomenon or one marked by gradual changes through a series of states."1176.1339998459446"
"Synset('serve.v.11')".['serve', 'process', 'swear_out'].deliver a warrant or summons to someone."998.5306371890091"
"Synset('process.v.01')".['process', 'treat'].subject to a process or treatment, with the aim of readying for some purpose, improving, or remedying a condition."918.0954827801044"
"Synset('go.v.25')".['go', 'lead'].lead, extend, or afford access."42.570898962331405"
"Synset('lead.v.05')".['lead'].cause to undertake a certain action."36.64807058541632"
"Synset('run.v.23')".['run', 'lead'].cause something to pass or lead somewhere."36.47014352483867"
"Synset('run.v.03')".['run', 'go', 'pass', 'lead', 'extend'].stretch out over a distance, space, time, or scope; run or extend between two points or beyond a certain point."27.548028047304815"
"Synset('precede.v.04')".['precede', 'lead'].move ahead (of others) in time or space."26.70460124644936"
"Synset('lead.v.01')".['lead', 'take', 'direct', 'conduct', 'guide'].take somebody somewhere."25.468003677919697"
"Synset('leave.v.07')".['leave', 'result', 'lead'].have as a result or residue."21.697707765729234"
"Synset('lead.v.03')".['lead'].tend to or result in."19.47205683842524"
"Synset('lead.v.04')".['lead', 'head'].travel in front of; go in advance of others."18.07730679204136"
"Synset('conduct.v.02')".['conduct', 'lead', 'direct']."lead, as in the performance of a composition; Barenboim conducted the Chicago symphony for years"""."17.361090432598566"
"Synset('lead.v.08')".['lead', 'top'].be ahead of others; be the first."17.092811777156918"
"Synset('head.v.02')".['head', 'lead'].be in charge of."12.726883655712212"
"Synset('moderate.v.01')".['moderate', 'chair', 'lead'].preside over."12.637985304280438"
"Synset('contribute.v.03')".['contribute', 'lead', 'conduce'].be conducive to."10.608621432156056"
"Synset('light-emitting_diode.n.01')".['light-emitting_diode', 'LED'].diode such that light emitted at a p-n junction is proportional to the bias current; color depends on the material used."2.5953164574497656"
"Synset('relative.n.01')".['relative', 'relation'].a person related by blood or marriage."475.70154520280425"
"Synset('relative.n.02')".['relative', 'congener', 'congenator', 'congeneric'].an animal or plant that bears a relationship to another (as related by common descent or by membership in the same genus)."245.02521978574097"
"Synset('relative.a.01')".['relative', 'comparative'].estimated by comparison; not absolute or complete."201.5260445427408"
"Synset('proportional.s.01')".['proportional', 'relative'].properly related in size or degree or other measurable characteristics; usually followed by `to'."194.49768426888636"
"Synset('clear.s.08')".['clear', 'unmortgaged'].(especially of a title) free from any encumbrance or limitation that presents a question of fact or law."301.06380594658526"
"Synset('clear.s.17')".['clear', 'percipient'].characterized by ease and quickness in perceiving."301.06380594658526"
"Synset('clear.v.07')".['clear'].be debited and credited to the proper bank accounts."301.0638059465851"
"Synset('clear.a.01')".['clear'].readily apparent to the mind."301.0638059465851"
"Synset('clear.s.02')".['clear'].free from confusion or doubt."301.0638059465851"
"Synset('clear.a.04')".['clear'].allowing light to pass through."301.0638059465851"
"Synset('clear.s.05')".['clear'].free from contact or proximity or connection."301.0638059465851"
"Synset('clear.s.06')".['clear'].characterized by freedom from troubling thoughts (especially guilt)."301.0638059465851"
"Synset('clear.a.11')".['clear'].free from clouds or mist or haze."301.0638059465851"
"Synset('clear.s.13')".['clear'].free from flaw or blemish or impurity."301.0638059465851"
"Synset('clear.s.14')".['clear'].clear of charges or deductions."301.0638059465851"
"Synset('clear.s.15')".['clear', 'decipherable', 'readable'].easily deciphered."281.54974067745724"
"Synset('clear.v.16')".['clear'].sell."275.57323050870707"
"Synset('clear.s.09')".['clear', 'clean-cut', 'clear-cut'].clear and distinct to the senses; easily perceptible."270.02614695621173"
"Synset('clear.n.01')".['clear'].the state of being free of suspicion."269.99583691168306"
"Synset('well-defined.a.02')".['well-defined', 'clear'].accurately stated or described."269.904244431856"
"Synset('acquit.v.01')".['acquit', 'assoil', 'clear', 'discharge', 'exonerate', 'exculpate'].pronounce not guilty of criminal charges."249.52577006318066"
"Synset('absolved.s.01')".['absolved', 'clear', 'cleared', 'exculpated', 'exonerated', 'vindicated'].freed from any question of guilt."231.56697706968248"
"Synset('clean.s.02')".['clean', 'clear'].free of restrictions or qualifications."212.97032300468067"
"Synset('clear.v.17')".['clear'].pass an inspection or receive authorization."212.65076261523413"
"Synset('clear.v.21')".['clear'].rid of instructions or data."211.38506368958662"
"Synset('clear.v.23')".['clear'].remove the occupants of."211.38506368958662"
"Synset('clear_up.v.04')".['clear_up', 'clear', 'light_up', 'brighten'].become clear."167.70195492682356"
"Synset('clear.v.10')".['clear', 'clear_up', 'shed_light_on', 'crystallize', 'crystallise', 'crystalize', 'crystalise', 'straighten_out', 'sort_out', 'enlighten', 'illuminate', 'elucidate'].make free from confusion or ambiguity; make clear."161.74577603507154"
"Synset('clear.v.19')".['clear', 'solve'].settle, as of a debt."152.32966650448225"
"Synset('clearly.r.04')".['clearly', 'clear'].in an easily perceptible manner."146.778739066157"
"Synset('clear.s.03')".['clear', 'open'].affording free passage or view."141.9225025487672"
"Synset('clean.s.03')".['clean', 'clear', 'light', 'unclouded'].(of sound or color) free from anything that dulls or dims."135.98170026228624"
"Synset('clear.v.12')".['clear']."clear from impurities, blemishes, pollution, etc."."127.70863163917987"
"Synset('unclutter.v.01')".['unclutter', 'clear'].rid of obstructions."124.02422627100454"
"Synset('clear.v.20')".['clear'].make clear, bright, light, or translucent."124.02422627100452"
"Synset('clear.v.11')".['clear'].free from payment of customs duties, as of a shipment."121.37575054300999"
"Synset('clear.v.09')".['clear', 'top'].pass by, over, or under without making contact."118.89360847653121"
"Synset('net.v.02')".['net', 'clear'].yield as a net profit."112.7139935485525"
"Synset('authorize.v.01')".['authorize', 'authorise', 'pass', 'clear'].grant authorization or clearance for."112.51223956330156"
"Synset('clear.r.01')".['clear', 'all_the_way'].completely."105.26604636622186"
"Synset('clear.v.08')".['clear'].go away or disappear."97.27293627041503"
"Synset('clear.v.02')".['clear'].make a way or path by removing objects."96.54013370135527"
"Synset('net.v.01')".['net', 'sack', 'sack_up', 'clear'].make as a net profit."94.63952988305576"
"Synset('clear.v.22')".['clear'].remove (people) from a building."91.35830368303395"
"Synset('open.n.01')".['open', 'clear'].a clear or unobstructed space or expanse of land or water."82.18424689964456"
"Synset('clear.v.24')".['clear', 'clear_up'].free (the throat) by making a rasping sound."76.49903170641133"
"Synset('pass.v.09')".['pass', 'clear'].go unchallenged; be approved."75.63124837248587"
"Synset('clear.v.05')".['clear'].remove."74.44884310117628"
"Synset('gain.v.08')".['gain', 'take_in', 'clear', 'make', 'earn', 'realize', 'realise', 'pull_in', 'bring_in'].earn on some commercial or business transaction; earn as salary or wages."62.19225001475362"
"Synset('derogative.s.01')".['derogative', 'derogatory', 'disparaging'].expressive of low opinion."20.80871132228254"
"Synset('temporal.s.01')".['temporal'].not eternal."3.5233239650202393"
"Synset('temporal.a.02')".['temporal'].of or relating to or limited by time."3.5233239650202393"
"Synset('temporal.a.03')".['temporal'].of or relating to the temples (the sides of the skull behind the orbit)."3.5233239650202393"
"Synset('temporal.s.05')".['temporal'].of this earth or world."3.5233239650202393"
"Synset('worldly.a.01')".['worldly', 'secular', 'temporal'].characteristic of or devoted to the temporal world as opposed to the spiritual world."2.934172961525606"
"Synset('temporal_role.n.01')".['temporal_role', 'temporal'].the semantic role of the noun phrase that designates the time of the state or action denoted by the verb."2.8512352190650185"
"Synset('point.n.06')".['point', 'point_in_time'].an instant of time."116.31406616048884"
"Synset('period.n.07')".['period', 'point', 'full_stop', 'stop', 'full_point']."a punctuation mark (.) placed at the end of a declarative sentence to indicate a full stop or after abbreviations"."43.989747498370285"
"Synset('item.n.01')".['item', 'point'].a distinct part that can be specified separately in a group of things that could be enumerated on a list."39.223687108683116"
"Synset('degree.n.02')".['degree', 'level', 'stage', 'point'].a specific identifiable position in a continuum or series or especially in a process."28.58988371112815"
"Synset('point.n.17')".['point'].a linear unit used to measure the size of type; approximately 1/72 inch."22.6529057997851"
"Synset('point.n.10')".['point'].the unit of counting in scoring a game or contest."19.834839888868647"
"Synset('target.v.01')".['target', 'aim', 'place', 'direct', 'point'].intend (something) to move towards a certain goal."17.887306569156074"
"Synset('detail.n.01')".['detail', 'item', 'point'].an isolated fact that is considered separately from the whole."15.891315821910117"
"Synset('sharpen.v.07')".['sharpen', 'taper', 'point'].give a point to."15.640324180950714"
"Synset('point.v.12')".['point'].indicate the presence of (game) by standing and pointing with the muzzle."13.76746579929187"
"Synset('point.n.15')".['point'].sharp end."13.48263209595711"
"Synset('charge.v.17')".['charge', 'level', 'point'].direct into a position for use."13.115055668078147"
"Synset('point.n.11')".['point'].a promontory extending out into a large body of water."12.896312962824183"
"Synset('indicate.v.02')".['indicate', 'point', 'designate', 'show'].indicate a place, direction, person, or thing; either spatially or figuratively."12.818608118176002"
"Synset('compass_point.n.01')".['compass_point', 'point'].any of 32 horizontal directions indicated on the card of a compass."12.266330292054691"
"Synset('point.n.25')".['point', 'power_point'].a wall socket."12.045037775445543"
"Synset('point.n.20')".['point', 'head'].a V-shaped mark at one end of an arrow pointer."11.311421500649592"
"Synset('point.v.14')".['point', 'repoint'].repair the joints of bricks."10.86050337261778"
"Synset('point.v.10')".['point'].be positionable in a specified manner."10.44128357511985"
"Synset('decimal_point.n.01')".['decimal_point', 'percentage_point', 'point'].the dot at the left of a decimal fraction."10.273073653528547"
"Synset('point.n.23')".['point'].a distinguishing or individuating characteristic."10.259580355155462"
"Synset('point.n.22')".['point', 'pointedness'].the property of a shape that tapers to a sharp tip."10.091070078542067"
"Synset('point.n.02')".['point'].the precise location of something; a spatially limited location."10.058023658423284"
"Synset('luff.v.01')".['luff', 'point'].sail close to the wind."9.854606374810071"
"Synset('point.n.14')".['point', 'spot'].an outstanding characteristic."9.638232001491653"
"Synset('point.n.13')".['point'].a style in speech or writing that arrests attention and has a penetrating or convincing quality or effect."9.408255055643663"
"Synset('distributor_point.n.01')".['distributor_point', 'breaker_point', 'point'].a contact in the distributor; as the rotor turns its projecting arm contacts them and current flows to the spark plugs."9.100723746056119"
"Synset('point.n.18')".['point'].one percent of the total principal of a loan; it is paid at the time the loan is made and is independent of the interest on the loan."9.036512885723058"
"Synset('point.n.07')".['point'].the object of an activity."8.814317812288119"
"Synset('point.n.01')".['point'].a geometric element that has position but no extension."8.800635662357388"
"Synset('orient.v.01')".['orient', 'point'].be oriented."8.716265950263423"
"Synset('bespeak.v.01')".['bespeak', 'betoken', 'indicate', 'point', 'signal'].be a signal for or a symptom of."8.707487705670673"
"Synset('point.n.24')".['point', 'gunpoint'].the gun muzzle's direction."8.336722599660309"
"Synset('point.n.03')".['point'].a brief version of the essential meaning of something."8.333463431197101"
"Synset('point.n.09')".['point', 'dot'].a very small circular shape."8.297088029761987"
"Synset('point.v.07')".['point'].mark (Hebrew words) with diacritics."8.19482797064246"
"Synset('point.v.08')".['point'].mark with diacritics."8.19482797064246"
"Synset('point.v.09')".['point'].mark (a psalm text) to indicate the points at which the music changes."8.19482797064246"
"Synset('steer.v.01')".['steer', 'maneuver', 'manoeuver', 'manoeuvre', 'direct', 'point', 'head', 'guide', 'channelize', 'channelise'].direct the course; determine the direction of travelling."8.003651560049965"
"Synset('point.n.08')".['point', 'tip', 'peak'].a V shape."7.283128035938763"
"Synset('appear.v.02')".['appear'].come into sight or view."19.540820779314306"
"Synset('appear.v.05')".['appear', 'come_along'].come into being or existence, or appear on the scene."17.382306907462013"
"Synset('appear.v.03')".['appear', 'come_out'].be issued or published."16.69489963533582"
"Synset('look.v.02')".['look', 'appear', 'seem'].give a certain impression or have a certain outward aspect."16.489539968495976"
"Synset('appear.v.04')".['appear', 'seem'].seem to be true, probable, or apparent."5.49931248003664"
"Synset('appear.v.07')".['appear'].present oneself formally, as before a (judicial) authority."5.240792157620098"
"Synset('appear.v.06')".['appear']."appear as a character on stage or appear in a play, etc."."4.5538163021026286"
"Synset('helping.n.01')".['helping', 'portion', 'serving'].an individual quantity of food or drink taken as part of a meal."76.26997413774033"
"Synset('service.n.13')".['service', 'serving', 'service_of_process'].the act of delivering a writ or summons upon someone."34.957544508550356"
"Synset('service.v.01')".['service', 'serve'].be used by; as of a utility."33.05199918592652"
"Synset('serve.v.08')".['serve', 'serve_well'].promote, benefit, or be useful or beneficial to."29.07814191292192"
"Synset('serve.v.07')".['serve'].devote (part of) one's life or efforts to, as of countries, institutions, or ideas."28.34776214117192"
"Synset('serve.v.13')".['serve'].do military service."28.34776214117192"
"Synset('serve.v.06')".['serve', 'serve_up', 'dish_out', 'dish_up', 'dish'].provide (usually but not necessarily food)."25.788041399969615"
"Synset('serve.v.05')".['serve', 'help'].help to some food; help with food or drink."25.355464088087277"
"Synset('serve.v.02')".['serve'].do duty or hold offices; serve in a specific function."21.50537752332003"
"Synset('serve.v.15')".['serve'].put the ball into play."20.313699887081672"
"Synset('serve.v.14')".['serve', 'service'].mate with."17.385180155598686"
"Synset('serve.v.03')".['serve'].contribute or conduce to."17.04861608410648"
"Synset('serve.v.11')".['serve', 'process', 'swear_out'].deliver a warrant or summons to someone."14.455441023137805"
"Synset('serve.v.01')".['serve', 'function'].serve a purpose, role, or function."12.833967798829526"
"Synset('serve.v.10')".['serve', 'attend_to', 'wait_on', 'attend', 'assist'].work for or be a servant to."11.464559515786103"
"Synset('serve.v.09')".['serve', 'do'].spend time in prison or in a labor camp."6.551770518573296"
"Synset('suffice.v.01')".['suffice', 'do', 'answer', 'serve'].be sufficient; be adequate, either in quality or quantity."6.542723733752908"
"Synset('spread.v.10')".['spread'].distribute over a surface in a layer."43.37428760017106"
"Synset('spread.s.02')".['spread'].prepared or arranged for a meal; especially having food set out."43.37428760017106"
"Synset('outspread.s.01')".['outspread', 'spread'].fully extended in width."42.3190902600139"
"Synset('spread.n.08')".['spread'].the expansion of a person's girth (especially at middle age)."39.9653534342618"
"Synset('gap.n.01')".['gap', 'spread'].a conspicuous disparity or difference as between two figures."36.36775694935742"
"Synset('scatter.n.01')".['scatter', 'spread'].a haphazard distribution in all directions."35.144841057806005"
"Synset('go_around.v.02')".['go_around', 'spread', 'circulate'].become widely known and passed on."33.59273734582559"
"Synset('dispersed.s.01')".['dispersed', 'spread'].distributed or spread over a considerable extent."33.48981239554673"
"Synset('banquet.n.02')".['banquet', 'feast', 'spread'].a meal that is well prepared and greatly enjoyed."32.55170523811501"
"Synset('spread.n.05')".['spread', 'paste'].a tasty mixture to be spread on bread or crackers or used in preparing other dishes."32.282235058378035"
"Synset('spread.v.07')".['spread', 'scatter', 'spread_out'].strew or distribute over an area."31.846710402451954"
"Synset('unfold.v.04')".['unfold', 'spread', 'spread_out', 'open'].spread out or open from a closed or folded state."30.14762269577775"
"Synset('spread.v.02')".['spread', 'propagate'].become distributed or widespread."28.32516388740197"
"Synset('spread.v.09')".['spread'].cover by spreading something over."26.33513867885475"
"Synset('spread.n.10')".['spread', 'spreading'].act of extending over a wider scope or expanse of space or time."24.133117474333527"
"Synset('diffuse.v.01')".['diffuse', 'spread', 'spread_out', 'fan_out'].move outward."23.79737388869239"
"Synset('spread.n.07')".['spread', 'spread_head', 'spreadhead', 'facing_pages'].two facing pages of a book or other publication."23.40689422915494"
"Synset('ranch.n.01')".['ranch', 'spread', 'cattle_ranch', 'cattle_farm'].farm consisting of a large tract of land along with facilities needed to raise livestock (especially cattle)."21.857156526150014"
"Synset('spread.v.01')".['spread', 'distribute'].distribute or disperse widely."20.992367067407166"
"Synset('spread.v.03')".['spread', 'overspread'].spread across or over."18.246964742121822"
"Synset('spread.n.01')".['spread', 'spreading'].process or result of distributing or extending over a wide expanse of space."17.113002106084796"
"Synset('bedspread.n.01')".['bedspread', 'bedcover', 'bed_cover', 'bed_covering', 'counterpane', 'spread'].decorative cover for a bed."10.364555306247574"
"Synset('circulate.v.02')".['circulate', 'circularize', 'circularise', 'distribute', 'disseminate', 'propagate', 'broadcast', 'spread', 'diffuse', 'disperse', 'pass_around'].cause to become widely known."2.5792335900362966"
"Synset('iteration.n.01')".['iteration', 'loop'].(computer science) a single execution of a set of instructions that are to be repeated."1050.0925665209088"
"Synset('loop.n.06')".['loop'].a computer program that performs a series of instructions repeatedly until some specified condition is satisfied."637.136059163539"
"Synset('loop.n.02')".['loop'].anything with a round or oval shape (formed by a curve that is closed and does not intersect itself)."352.28736366187087"
"Synset('loop.n.10')".['loop', 'loop-the-loop'].a flight maneuver; aircraft flies a complete circle in the vertical plane."313.7436147166478"
"Synset('loop_topology.n.01')".['loop_topology', 'loop'].the topology of a network whose components are serially connected in such a way that the last component is connected to the first component."294.6030450095755"
"Synset('loop.v.01')".['loop'].move in loops."244.62073908255985"
"Synset('loop.v.03')".['loop'].fly loops, perform a loop."244.62073908255985"
"Synset('closed_circuit.n.01')".['closed_circuit', 'loop'].a complete electrical circuit around which current flows or a signal circulates."240.76187156535934"
"Synset('coil.v.03')".['coil', 'loop', 'curl'].wind around something in coils or loops."235.80599233626535"
"Synset('loop.n.08')".['loop'].an intrauterine device in the shape of a loop."202.43931707889195"
"Synset('loop.n.04')".['loop'].an inner circle of advisors (especially under President Reagan)."194.38733495962845"
"Synset('loop.n.05')".['loop'].the basic pattern of the human fingerprint."134.16684640519057"
"Synset('loop.v.05')".['loop'].fasten or join with a loop."133.6581640406142"
"Synset('cringle.n.01')".['cringle', 'eyelet', 'loop', 'grommet', 'grummet'].fastener consisting of a metal ring for lining a small hole to permit the attachment of cords or lines."110.6676318303795"
"Synset('loop.v.02')".['loop', 'intertwine'].make a loop in."106.36089739296189"
"Synset('oil_tanker.n.01')".['oil_tanker', 'oiler', 'tanker', 'tank_ship'].a cargo ship designed to carry crude oil in bulk."21.2300617619189"
"Synset('tanker.n.02')".['tanker', 'tank_driver'].a soldier who drives a tank."12.302575373778337"
"Synset('path.n.03')".['path', 'route', 'itinerary'].an established line of travel or access."14.42883973088897"
"Synset('road.n.01')".['road', 'route'].an open way (generally public) for travel or transportation."12.868301916475618"
"Synset('route.v.02')".['route'].send via a specific route."7.596405152471586"
"Synset('route.v.01')".['route'].send documents or materials to appropriate destinations."7.3555723504299175"
"Synset('route.v.03')".['route'].divert in a specified direction."5.857014044065512"
"Synset('transport.v.02')".['transport', 'carry'].move while supporting, either in a vehicle or in one's hands or on one's body."124.02097947802945"
"Synset('transport.v.01')".['transport'].move something or somebody around; usually over long distances."73.65435998593568"
"Synset('transport.v.04')".['transport', 'send', 'ship'].transport commercially."68.27839335336209"
"Synset('tape_drive.n.01')".['tape_drive', 'tape_transport', 'transport'].a mechanism that transports magnetic tape across the read/write heads of a tape playback/recorder."39.73694477510659"
"Synset('transportation.n.05')".['transportation', 'shipping', 'transport'].the commercial enterprise of moving goods and materials."28.62337751553088"
"Synset('transportation.n.02')".['transportation', 'transport', 'transfer', 'transferral', 'conveyance'].the act of moving something from one location to another."27.348895429148627"
"Synset('enchant.v.01')".['enchant', 'enrapture', 'transport', 'enthrall', 'ravish', 'enthral', 'delight'].hold spellbound."20.750177627942048"
"Synset('transmit.v.04')".['transmit', 'transfer', 'transport', 'channel', 'channelize', 'channelise'].send from one person or place to another."18.589028737218577"
"Synset('conveyance.n.03')".['conveyance', 'transport'].something that serves as a means of transportation."17.899701362304135"
"Synset('ecstasy.n.01')".['ecstasy', 'rapture', 'transport', 'exaltation', 'raptus'].a state of being carried away by overwhelming emotion."14.014811583343663"
"Synset('transport.n.02')".['transport'].an exchange of molecules (and their kinetic energy and momentum) across the boundary between adjacent layers of a fluid or across cell membranes."13.656897580846726"
